Date,Clicks,Impressions,CTR,Position
2024-10-28,0,4,0%,6
2024-10-29,1,8,12.5%,22.5
2024-10-30,0,3,0%,9.3
2024-10-31,0,1,0%,99
2024-11-01,0,2,0%,55
2024-11-02,0,2,0%,50.5
2024-11-03,0,1,0%,10
2024-11-04,0,1,0%,27
2024-11-05,0,2,0%,62.5
2024-11-06,0,1,0%,8
2024-11-07,0,4,0%,16.2
2024-11-08,0,2,0%,6
2024-11-09,0,0,,
2024-11-10,0,0,,
2024-11-11,0,2,0%,18.5
2024-11-12,0,4,0%,4
2024-11-13,0,5,0%,43.6
2024-11-14,0,3,0%,50.7
2024-11-15,0,4,0%,39
2024-11-16,0,3,0%,71
2024-11-17,1,6,16.67%,49.8
2024-11-18,0,5,0%,50.2
2024-11-19,0,3,0%,51
2024-11-20,0,5,0%,56.4
2024-11-21,0,4,0%,63.8
2024-11-22,0,8,0%,40.4
2024-11-23,0,4,0%,74.8
2024-11-24,0,5,0%,42.4
2024-11-25,1,11,9.09%,23.8
2024-11-26,0,12,0%,22.7
2024-11-27,0,6,0%,37.5
2024-11-28,0,7,0%,33.3
2024-11-29,0,6,0%,74.8
2024-11-30,0,5,0%,72.6
2024-12-01,0,9,0%,55.2
2024-12-02,0,6,0%,27
2024-12-03,3,11,27.27%,15
2024-12-04,1,8,12.5%,34.6
2024-12-05,0,5,0%,52.6
2024-12-06,0,3,0%,52.3
2024-12-07,0,4,0%,47.8
2024-12-08,0,3,0%,56.7
2024-12-09,1,6,16.67%,25.7
2024-12-10,2,10,20%,17.4
2024-12-11,1,4,25%,48
2024-12-12,0,6,0%,26.8
2024-12-13,0,6,0%,43
2024-12-14,0,5,0%,42.2
2024-12-15,0,4,0%,92.8
2024-12-16,0,5,0%,68.4
2024-12-17,0,2,0%,84
2024-12-18,0,6,0%,45.7
2024-12-19,0,2,0%,87.5
2024-12-20,1,7,14.29%,41.3
2024-12-21,0,3,0%,87
2024-12-22,0,6,0%,89
2024-12-23,0,10,0%,18
2024-12-24,0,4,0%,44
2024-12-25,1,4,25%,44.5
2024-12-26,0,4,0%,45.5
2024-12-27,1,8,12.5%,29.9
2024-12-28,0,5,0%,49.8
2024-12-29,1,4,25%,44.8
2024-12-30,2,5,40%,34.2
2024-12-31,1,4,25%,55.8
2025-01-01,0,7,0%,33.9
2025-01-02,0,5,0%,55
2025-01-03,0,4,0%,51.2
2025-01-04,0,4,0%,58.2
2025-01-05,0,3,0%,80
2025-01-06,0,3,0%,76.3
2025-01-07,0,4,0%,45.5
2025-01-08,0,7,0%,38.7
2025-01-09,0,3,0%,82
2025-01-10,0,7,0%,43.4
2025-01-11,0,5,0%,47.2
2025-01-12,0,3,0%,80.7
2025-01-13,0,3,0%,55.7
2025-01-14,0,4,0%,45.8
2025-01-15,0,3,0%,57
2025-01-16,0,0,,
2025-01-17,0,4,0%,13.8
2025-01-18,0,0,,
2025-01-19,0,1,0%,66
2025-01-20,2,3,66.67%,6
2025-01-21,0,1,0%,9
2025-01-22,0,2,0%,6
2025-01-23,0,8,0%,28.5
2025-01-24,0,4,0%,21
2025-01-25,0,1,0%,6
2025-01-26,0,8,0%,62.5
2025-01-27,0,2,0%,5.5
2025-01-28,0,2,0%,4.5
2025-01-29,0,2,0%,45.5
2025-01-30,0,6,0%,46.3
2025-01-31,0,3,0%,49.7
2025-02-01,0,2,0%,69.5
2025-02-02,0,4,0%,54.2
2025-02-03,0,5,0%,47
2025-02-04,0,6,0%,49.7
2025-02-05,0,3,0%,51.3
2025-02-06,0,6,0%,31.7
2025-02-07,1,6,16.67%,25.8
2025-02-08,0,2,0%,71
2025-02-09,0,4,0%,35.8
2025-02-10,0,5,0%,33.4
2025-02-11,0,5,0%,33.6
2025-02-12,0,5,0%,30.8
2025-02-13,1,4,25%,32.8
2025-02-14,0,2,0%,71
2025-02-15,0,3,0%,48
2025-02-16,0,2,0%,69
2025-02-17,0,2,0%,69
2025-02-18,0,4,0%,39.8
2025-02-19,0,3,0%,47
2025-02-20,0,4,0%,38
2025-02-21,2,11,18.18%,46.9
2025-02-22,2,11,18.18%,35.9
2025-02-23,0,7,0%,24.3
2025-02-24,0,6,0%,26.2
2025-02-25,0,4,0%,45
2025-02-26,2,10,20%,15.9
2025-02-27,0,6,0%,39.8
2025-02-28,1,7,14.29%,28.6
2025-03-01,0,11,0%,58.2
2025-03-02,1,9,11.11%,53.4
2025-03-03,0,6,0%,66.3
2025-03-04,0,5,0%,42.2
2025-03-05,0,4,0%,59
2025-03-06,0,6,0%,42.2
2025-03-07,0,6,0%,54.2
2025-03-08,0,4,0%,60.2
2025-03-09,0,6,0%,52.3
2025-03-10,1,6,16.67%,41.7
2025-03-11,0,4,0%,54.2
2025-03-12,1,5,20%,40.6
2025-03-13,0,6,0%,41.5
2025-03-14,0,11,0%,38.9
2025-03-15,0,5,0%,78.8
2025-03-16,0,8,0%,40.5
2025-03-17,1,9,11.11%,17.2
2025-03-18,0,6,0%,33.3
2025-03-19,0,3,0%,75.3
2025-03-20,1,7,14.29%,50.9
2025-03-21,0,11,0%,30.8
2025-03-22,0,7,0%,65.9
2025-03-23,0,9,0%,54.9
2025-03-24,0,5,0%,31.6
2025-03-25,0,10,0%,43.2
2025-03-26,1,8,12.5%,48.9
2025-03-27,0,4,0%,53.8
2025-03-28,0,7,0%,55.7
2025-03-29,0,8,0%,43.8
2025-03-30,4,18,22.22%,17.5
2025-03-31,0,4,0%,37.5
2025-04-01,0,13,0%,35
2025-04-02,0,9,0%,35.7
2025-04-03,3,13,23.08%,23.2
2025-04-04,2,13,15.38%,39.2
2025-04-05,2,8,25%,27.4
2025-04-06,0,9,0%,61.1
2025-04-07,1,15,6.67%,31.3
2025-04-08,0,8,0%,39.1
2025-04-09,1,10,10%,34.9
2025-04-10,1,10,10%,21.9
2025-04-11,0,8,0%,51.1
2025-04-12,0,5,0%,68.6
2025-04-13,0,5,0%,35.4
2025-04-14,0,7,0%,53.1
2025-04-15,0,8,0%,43.2
2025-04-16,0,5,0%,46.6
2025-04-17,1,18,5.56%,15.7
2025-04-18,0,1,0%,67
2025-04-19,1,7,14.29%,26.4
2025-04-20,0,18,0%,50.9
2025-04-21,0,10,0%,40.8
2025-04-22,0,11,0%,28.9
2025-04-23,0,16,0%,31.5
2025-04-24,0,13,0%,24.6
2025-04-25,1,23,4.35%,42.9
2025-04-26,1,10,10%,62.5
2025-04-27,0,12,0%,56.1
2025-04-28,2,14,14.29%,35.7
2025-04-29,0,12,0%,26.1
2025-04-30,0,20,0%,45.1
2025-05-01,0,16,0%,32.4
2025-05-02,1,16,6.25%,42.4
2025-05-03,0,17,0%,39.4
2025-05-04,0,12,0%,45.8
2025-05-05,1,30,3.33%,29.6
2025-05-06,2,15,13.33%,20.7
2025-05-07,0,11,0%,41.5
2025-05-08,0,9,0%,47
2025-05-09,1,11,9.09%,34
2025-05-10,1,7,14.29%,51.6
2025-05-11,1,70,1.43%,46.8
2025-05-12,1,13,7.69%,52
2025-05-13,1,12,8.33%,48.8
2025-05-14,0,14,0%,49.9
2025-05-15,0,22,0%,30.4
2025-05-16,0,11,0%,45.7
2025-05-17,0,7,0%,66.6
2025-05-18,0,11,0%,50.7
2025-05-19,0,8,0%,57.5
2025-05-20,2,21,9.52%,27.1
2025-05-21,0,15,0%,48.6
2025-05-22,0,11,0%,51
2025-05-23,0,8,0%,56.1
2025-05-24,1,11,9.09%,40.1
2025-05-25,0,12,0%,70.6
2025-05-26,0,11,0%,55.4
2025-05-27,2,16,12.5%,34.9
2025-05-28,1,12,8.33%,52.8
2025-05-29,0,15,0%,40.3
2025-05-30,0,9,0%,57.2
2025-05-31,0,9,0%,61
2025-06-01,0,10,0%,68.7
2025-06-02,0,23,0%,72.2
2025-06-03,0,16,0%,51.5
2025-06-04,0,21,0%,51.8
2025-06-05,0,18,0%,70.2
2025-06-06,1,22,4.55%,54
2025-06-07,0,19,0%,60.3
2025-06-08,0,9,0%,66.1
2025-06-09,1,12,8.33%,49.1
2025-06-10,2,14,14.29%,65.4
2025-06-11,1,15,6.67%,65.7
2025-06-12,0,13,0%,60.9
2025-06-13,0,17,0%,45.3
2025-06-14,0,11,0%,43.3
2025-06-15,0,17,0%,58
2025-06-16,1,17,5.88%,54.5
2025-06-17,2,11,18.18%,25.6
2025-06-18,0,16,0%,45.2
2025-06-19,0,5,0%,66.4
2025-06-20,0,27,0%,54.1
2025-06-21,1,9,11.11%,38.3
2025-06-22,0,15,0%,58.1
2025-06-23,0,16,0%,49.4
2025-06-24,0,18,0%,50.4
2025-06-25,1,20,5%,25.8
2025-06-26,3,14,21.43%,21.2
2025-06-27,2,10,20%,40.3
2025-06-28,1,8,12.5%,34.8
2025-06-29,0,16,0%,33.4
2025-06-30,0,14,0%,27.8
2025-07-01,0,15,0%,39.9
2025-07-02,0,9,0%,36.3
2025-07-03,0,13,0%,48.4
2025-07-04,0,6,0%,53.5
2025-07-05,0,11,0%,51
2025-07-06,0,8,0%,53.2
2025-07-07,1,15,6.67%,37.8
2025-07-08,0,10,0%,51.3
2025-07-09,0,11,0%,43.5
2025-07-10,0,11,0%,49.5
2025-07-11,0,6,0%,55.5
2025-07-12,0,14,0%,47.8
2025-07-13,0,9,0%,50.2
2025-07-14,0,13,0%,47.3
2025-07-15,0,6,0%,40.8
2025-07-16,0,10,0%,75.2
2025-07-17,0,11,0%,32.3
2025-07-18,0,9,0%,39.1
2025-07-19,1,10,10%,44.6
2025-07-20,0,8,0%,62.6
2025-07-21,1,12,8.33%,49.4
2025-07-22,0,14,0%,29.1
2025-07-23,0,11,0%,52.5
2025-07-24,0,13,0%,51.8
2025-07-25,0,9,0%,62.3
2025-07-26,0,8,0%,67.9
2025-07-27,1,8,12.5%,60.5
2025-07-28,0,12,0%,30.8
2025-07-29,1,18,5.56%,32
2025-07-30,0,9,0%,28.7
2025-07-31,0,12,0%,14.4
2025-08-01,0,5,0%,62.2
2025-08-02,0,5,0%,29.8
2025-08-03,0,6,0%,70.3
2025-08-04,0,8,0%,42.1
2025-08-05,0,3,0%,55
2025-08-06,0,5,0%,24.4
2025-08-07,0,12,0%,53.8
2025-08-08,0,10,0%,59.8
2025-08-09,0,12,0%,82.3
2025-08-10,0,14,0%,63.3
2025-08-11,1,14,7.14%,47.1
2025-08-12,0,22,0%,13.9
2025-08-13,3,21,14.29%,25.5
2025-08-14,1,15,6.67%,39.8
2025-08-15,0,8,0%,51.6
2025-08-16,0,22,0%,57.3
2025-08-17,0,14,0%,76.4
2025-08-18,2,12,16.67%,32.8
2025-08-19,0,10,0%,59
2025-08-20,0,19,0%,63.5
2025-08-21,0,40,0%,53.8
2025-08-22,0,6,0%,52.3
2025-08-23,0,11,0%,62.1
2025-08-24,0,10,0%,52.2
2025-08-25,0,7,0%,46.9
2025-08-26,0,13,0%,41.9
2025-08-27,0,19,0%,45.3
2025-08-28,0,4,0%,69.5
2025-08-29,0,6,0%,38.3
2025-08-30,0,12,0%,66.9
2025-08-31,0,9,0%,69.6
2025-09-01,0,8,0%,70
2025-09-02,1,9,11.11%,23.8
2025-09-03,0,22,0%,54.5
2025-09-04,0,11,0%,61.1
2025-09-05,0,11,0%,46.9
2025-09-06,0,31,0%,68.6
2025-09-07,0,15,0%,63.9
2025-09-08,1,21,4.76%,62.3
2025-09-09,0,20,0%,62.8
2025-09-10,0,11,0%,55.3
2025-09-11,0,11,0%,29.7
2025-09-12,0,13,0%,38.8
2025-09-13,1,3,33.33%,10.3
2025-09-14,0,15,0%,49
2025-09-15,0,2,0%,52
2025-09-16,0,4,0%,29.8
2025-09-17,0,6,0%,98
2025-09-18,0,6,0%,48.3
2025-09-19,0,14,0%,9.1
2025-09-20,1,10,10%,43.6
2025-09-21,0,20,0%,53.8
2025-09-22,0,7,0%,42.3
2025-09-23,0,6,0%,28
2025-09-24,0,4,0%,15.5
2025-09-25,0,6,0%,6.5
2025-09-26,0,5,0%,26
2025-09-27,0,11,0%,39.2
2025-09-28,0,1,0%,10
2025-09-29,1,7,14.29%,7
2025-09-30,1,2,50%,7.5
2025-10-01,0,12,0%,49.6
2025-10-02,0,4,0%,17.8
2025-10-03,0,12,0%,52.2
2025-10-04,0,6,0%,70.2
2025-10-05,0,4,0%,15.8
2025-10-06,1,16,6.25%,12.6
2025-10-07,0,11,0%,24.5
2025-10-08,0,7,0%,70.1
2025-10-09,0,8,0%,7.4
2025-10-10,0,7,0%,5.7
2025-10-11,0,12,0%,38.8
2025-10-12,0,9,0%,10.9
2025-10-13,1,3,33.33%,7.3
2025-10-14,0,17,0%,6.8
2025-10-15,0,6,0%,48.2
2025-10-16,0,4,0%,19.8
2025-10-17,0,12,0%,37.8
2025-10-18,0,12,0%,61.5
2025-10-19,0,1,0%,11
2025-10-20,0,9,0%,10.6
2025-10-21,0,11,0%,62
2025-10-22,0,6,0%,34.2
2025-10-23,0,9,0%,44.6
2025-10-24,0,1,0%,132
2025-10-25,1,10,10%,2.3
2025-10-26,0,8,0%,7.2
2025-10-27,0,7,0%,20.3
2025-10-28,0,11,0%,19.3
2025-10-29,0,6,0%,20.2
2025-10-30,0,6,0%,17.3
2025-10-31,0,5,0%,3.8
2025-11-01,0,3,0%,8.7
2025-11-02,0,3,0%,1.7
2025-11-03,0,11,0%,20.7
2025-11-04,0,4,0%,2.5
2025-11-05,0,5,0%,56
2025-11-06,0,4,0%,6.5
2025-11-07,0,8,0%,19
2025-11-08,0,6,0%,7.5
2025-11-09,0,2,0%,4.5
2025-11-10,1,4,25%,7.5
2025-11-11,0,4,0%,14
2025-11-12,0,4,0%,60
2025-11-13,0,5,0%,13.2
2025-11-14,0,12,0%,12.7
2025-11-15,0,5,0%,10.4
2025-11-16,0,2,0%,46.5
2025-11-17,0,10,0%,9.2
2025-11-18,0,11,0%,5.3
2025-11-19,0,10,0%,24
2025-11-20,0,17,0%,50.6
2025-11-21,1,6,16.67%,5.3
2025-11-22,0,6,0%,5.5
2025-11-23,0,2,0%,6.5
2025-11-24,0,11,0%,24.4
2025-11-25,0,1,0%,14
2025-11-26,1,12,8.33%,23.2
2025-11-27,1,5,20%,4.6
2025-11-28,0,6,0%,5.2
2025-11-29,0,5,0%,6.2
2025-11-30,0,3,0%,6.7
2025-12-01,0,10,0%,22.3
2025-12-02,1,3,33.33%,35.7
2025-12-03,2,15,13.33%,32.9
2025-12-04,0,8,0%,21.6
2025-12-05,1,3,33.33%,10.7
2025-12-06,0,4,0%,29.8
2025-12-07,0,3,0%,2.3
2025-12-08,1,13,7.69%,20.2
2025-12-09,0,14,0%,7.1
2025-12-10,0,8,0%,63.8
2025-12-11,2,7,28.57%,21.9
2025-12-12,1,3,33.33%,68.3
2025-12-13,1,10,10%,13.4
2025-12-14,0,8,0%,35.9
2025-12-15,0,13,0%,9.5
2025-12-16,0,31,0%,67.6
2025-12-17,0,28,0%,54.2
2025-12-18,0,21,0%,46.9
2025-12-19,0,27,0%,62.3
2025-12-20,0,11,0%,36.3
2025-12-21,0,9,0%,30.6
2025-12-22,1,10,10%,6.5
2025-12-23,0,18,0%,74.4
2025-12-24,1,25,4%,54.8
2025-12-25,0,7,0%,51.3
2025-12-26,0,6,0%,6.2
2025-12-27,0,9,0%,8
2025-12-28,0,9,0%,25.3
2025-12-29,1,14,7.14%,9.2
2025-12-30,0,4,0%,43.2
2025-12-31,1,18,5.56%,67.6
2026-01-01,1,30,3.33%,47.2
2026-01-02,1,15,6.67%,52.8
2026-01-03,0,7,0%,39.3
2026-01-04,0,10,0%,53.2
2026-01-05,0,11,0%,15.5
2026-01-06,0,11,0%,25.1
2026-01-07,0,24,0%,64.6
2026-01-08,0,24,0%,55.7
2026-01-09,2,12,16.67%,28.9
2026-01-10,0,12,0%,16.8
2026-01-11,0,11,0%,38.1
2026-01-12,1,22,4.55%,33.2
2026-01-13,0,16,0%,38.6
2026-01-14,1,47,2.13%,62.1
2026-01-15,0,36,0%,36.7
2026-01-16,0,8,0%,14.9
2026-01-17,0,23,0%,55.4
2026-01-18,0,6,0%,61.2
2026-01-19,0,9,0%,7.3
2026-01-20,1,10,10%,3.3
2026-01-21,0,41,0%,62.2
2026-01-22,0,10,0%,51.9
2026-01-23,0,10,0%,6.8
2026-01-24,1,10,10%,25.8
2026-01-25,0,8,0%,12.5
2026-01-26,0,22,0%,19.9
2026-01-27,1,8,12.5%,16.6