Country,Clicks,Impressions,CTR,Position
Canada,103,2332,4.42%,39.53
Germany,7,228,3.07%,14.64
United States,5,642,0.78%,45.81
India,4,91,4.4%,50.85
United Kingdom,2,64,3.12%,61.75
Switzerland,2,19,10.53%,15
Austria,1,95,1.05%,21.95
Italy,1,56,1.79%,19.89
Philippines,1,33,3.03%,51.33
Turkey,1,29,3.45%,73.38
Vietnam,1,27,3.7%,52.48
Netherlands,1,16,6.25%,14.88
Malaysia,1,10,10%,57.8
Australia,1,8,12.5%,44.75
Czechia,1,4,25%,53.75
Croatia,1,2,50%,5
Brazil,0,160,0%,68.06
Russia,0,46,0%,51.67
France,0,23,0%,47.35
Mexico,0,21,0%,51.62
South Korea,0,19,0%,42.74
Indonesia,0,18,0%,52.5
Pakistan,0,17,0%,63.53
Bangladesh,0,17,0%,75.71
Spain,0,15,0%,56.47
South Africa,0,13,0%,43.85
Thailand,0,13,0%,56.46
Saudi Arabia,0,11,0%,64.91
Argentina,0,10,0%,57.4
Ukraine,0,10,0%,66.7
Iraq,0,10,0%,77.6
Colombia,0,9,0%,53.22
Ecuador,0,9,0%,62.67
Venezuela,0,8,0%,71.5
Belgium,0,7,0%,3.14
Singapore,0,7,0%,27.43
Nigeria,0,7,0%,44.57
Egypt,0,7,0%,53.29
Ireland,0,7,0%,57.57
Kazakhstan,0,7,0%,65.71
Japan,0,7,0%,71.57
Jordan,0,7,0%,73.71
Norway,0,6,0%,40
Israel,0,6,0%,45.17
Peru,0,5,0%,40.2
Finland,0,5,0%,45.8
Iran,0,5,0%,54.2
Kenya,0,5,0%,70.4
Paraguay,0,5,0%,72.2
Nepal,0,5,0%,75.2
Morocco,0,5,0%,86.2
Greece,0,4,0%,24
Sweden,0,4,0%,40
Bulgaria,0,4,0%,45.75
Taiwan,0,4,0%,51.5
Jamaica,0,4,0%,62.5
Poland,0,4,0%,76.5
Romania,0,4,0%,77.75
Denmark,0,3,0%,47.67
Guatemala,0,3,0%,61
Ethiopia,0,3,0%,72.67
Dominican Republic,0,3,0%,75
United Arab Emirates,0,3,0%,77
Bahrain,0,3,0%,78
Barbados,0,3,0%,79
Uzbekistan,0,3,0%,83
Georgia,0,2,0%,6.5
Slovenia,0,2,0%,14
Portugal,0,2,0%,48
Serbia,0,2,0%,50
Uruguay,0,2,0%,60.5
Belarus,0,2,0%,65
Puerto Rico,0,2,0%,67.5
Unknown Region,0,2,0%,67.5
Honduras,0,2,0%,69
Palestine,0,2,0%,75
Senegal,0,2,0%,75
Trinidad & Tobago,0,2,0%,76
Chile,0,2,0%,78.5
Kyrgyzstan,0,2,0%,80.5
Lebanon,0,2,0%,84
Myanmar (Burma),0,2,0%,87.5
Moldova,0,2,0%,89.5
Lithuania,0,1,0%,1
Panama,0,1,0%,1
Bosnia & Herzegovina,0,1,0%,2
Macedonia,0,1,0%,2
Liechtenstein,0,1,0%,3
Haiti,0,1,0%,6
Zimbabwe,0,1,0%,7
Kuwait,0,1,0%,8
Hungary,0,1,0%,11
Cyprus,0,1,0%,13
Western Sahara,0,1,0%,23
Guadeloupe,0,1,0%,38
Azerbaijan,0,1,0%,57
Zambia,0,1,0%,59
Guyana,0,1,0%,60
Gabon,0,1,0%,63
Angola,0,1,0%,69
Oman,0,1,0%,75
Cayman Islands,0,1,0%,76
Fiji,0,1,0%,76
New Zealand,0,1,0%,78
Algeria,0,1,0%,80
Libya,0,1,0%,81
Slovakia,0,1,0%,81
St. Vincent & Grenadines,0,1,0%,84
Costa Rica,0,1,0%,95
Tunisia,0,1,0%,97