Top pages,Clicks,Impressions,CTR,Position
https://www.clearingstation.ca/,82,1606,5.11%,29.57
https://www.clearingstation.ca/about.htm,19,422,4.5%,7.4
https://www.clearingstation.ca/document-scanning.htm,13,2064,0.63%,58.8
https://www.clearingstation.ca/odbalibi.htm,11,209,5.26%,25.89
https://www.clearingstation.ca/login.htm,5,215,2.33%,9.69
https://www.clearingstation.ca/landing-doctors.htm,5,62,8.06%,8.52
https://www.clearingstation.ca/plans.htm,1,336,0.3%,16.19
https://www.clearingstation.ca/start.htm,0,110,0%,3.07
https://www.clearingstation.ca/services.htm,0,103,0%,3.53
https://www.clearingstation.ca/support.htm,0,61,0%,2.93
https://www.clearingstation.ca/landing.htm,0,15,0%,3.6
https://www.clearingstation.ca/index.htm,0,8,0%,2.25
https://www.clearingstation.ca/automation.htm,0,4,0%,8.5