Top queries,Clicks,Impressions,CTR,Position
clearingstation,17,178,9.55%,5.85
clearing station,4,165,2.42%,29.79
natalie kuz,4,48,8.33%,6.4
bookkeeping services winnipeg,2,21,9.52%,9.1
bookkeeper winnipeg,2,20,10%,10.4
bookkeeper,1,23,4.35%,7.26
accountant near me,1,6,16.67%,7.67
businesses near me,1,5,20%,2.6
bookkeeping services near me,1,3,33.33%,5.33
accounting firm,1,3,33.33%,74.67
tax filing near me,1,2,50%,1
accountant winnipeg,1,2,50%,18
tax services near me open now,1,1,100%,1
tax and bookkeeping services,1,1,100%,7
financial document scanning,0,251,0%,71.59
scanning financial documents,0,221,0%,77.55
personalized bookkeeping in winnipeg,0,179,0%,73.76
monthly bookkeeping services in winnipeg,0,136,0%,77.53
document digitization services,0,65,0%,81.38
document scanning services,0,51,0%,77.96
odo track,0,47,0%,5.91
document digitisation service,0,47,0%,85.13
document scanning business,0,46,0%,76.35
accounting clearing,0,39,0%,62.87
file scanning services,0,39,0%,82.87
bookkeeping,0,26,0%,10.62
document digitization services port coquitlam,0,26,0%,95.92
corporate document scanning services,0,25,0%,85.12
catch up bookkeeping price,0,25,0%,97.2
document digitizing services,0,24,0%,83.17
document imaging services,0,22,0%,82.5
small business bookkeeping winnipeg,0,21,0%,72.67
documents scanning service,0,21,0%,79.76
file scanning services kamloops,0,19,0%,69.32
scanning business,0,19,0%,76.58
commercial document scanning,0,19,0%,91.21
price to scan documents,0,17,0%,95.29
accounting services,0,16,0%,2.19
mileage log book cra,0,16,0%,80.12
document scanning services kamloops,0,16,0%,95.88
document scanning services coquitlam,0,15,0%,91.27
document digitization services coquitlam,0,14,0%,94.93
companies that digitize documents,0,13,0%,47.38
access shredding winnipeg,0,13,0%,48.69
document scanning companies,0,13,0%,65.38
winnipeg bookkeeping,0,13,0%,90.38
invoice scanning burnaby,0,13,0%,96
local guide program,0,12,0%,1
staples steinbach,0,12,0%,65.5
document scan service,0,12,0%,84.5
document digitization service,0,12,0%,84.67
trucking bookkeeping services near me,0,11,0%,1
scanning documents company,0,11,0%,79
bookkeeping services,0,10,0%,11
document scanning services staples,0,10,0%,50.1
companies that scan documents,0,9,0%,72.89
secure scanning services,0,9,0%,88
scanning company documents,0,8,0%,73.5
records scanning service,0,8,0%,83.5
document scanning company,0,8,0%,86.25
paper scanning service,0,8,0%,88
canada storage station ltd,0,8,0%,89.88
file scanning services kelowna,0,8,0%,90.38
clearance station,0,7,0%,7.43
bookkeeping winnipeg,0,7,0%,8.14
digitize documents service,0,7,0%,51.14
paper scanning services,0,7,0%,67.57
document scanning cost,0,7,0%,73.86
secure document scanning services,0,7,0%,78.43
file scanning services port coquitlam,0,7,0%,82.71
document scanning services for individuals,0,7,0%,90.57
record scanning services,0,7,0%,91.86
companies that scan documents for you,0,6,0%,41
winnipeg bookkeeping services,0,6,0%,47.5
document scanning business cost,0,6,0%,63.5
document scanning service,0,6,0%,71
scanning business documents,0,6,0%,73.5
document imaging companies,0,6,0%,86.67
personal document scanning service,0,6,0%,87.33
bookkeeping in winnipeg,0,6,0%,99.17
local businesses near me,0,5,0%,1
book keeping,0,5,0%,11.2
nathalie kuz,0,5,0%,26.2
document scanning services cost,0,5,0%,63.6
ongrowing works ltd,0,5,0%,74
document scanning service cost,0,5,0%,77.2
clearing services,0,5,0%,87
document scanner services,0,5,0%,91.2
file scanning services port alberni,0,5,0%,91.6
bookeeper,0,4,0%,4.25
bookkeeping near me,0,4,0%,9.25
onsite paper scanning delta,0,4,0%,16
digitize paper documents service,0,4,0%,42.5
business document scanning,0,4,0%,61.5
cost to scan documents,0,4,0%,63.75
document+scanning+services,0,4,0%,73
corporate scanning service,0,4,0%,77.5
scanned receipts,0,4,0%,83.5
scanning documents services,0,4,0%,84.75
professional document scanning services,0,4,0%,95.25
accounting,0,3,0%,37
scanning company documents cost,0,3,0%,46.33
document scanners staples,0,3,0%,58.67
company that scans documents,0,3,0%,63.67
scanning documents service,0,3,0%,79
clearing accounting,0,3,0%,80.33
document scanning prices,0,3,0%,82.33
scanning company,0,3,0%,89.67
bulk scanning service,0,3,0%,92
scanning document services,0,3,0%,93
companies that convert paper files to digital,0,3,0%,98.67
digitize document service,0,3,0%,98.67
bookkeeping and accounting services,0,2,0%,1
bookkeeper/accountant,0,2,0%,4
bookkeeping firms near me,0,2,0%,5.5
document scanning and digitization,0,2,0%,6
kuz natalie,0,2,0%,6.5
accounting services winnipeg,0,2,0%,7
payroll,0,2,0%,8.5
bookkeepers winnipeg,0,2,0%,9
personal tax preparation near me,0,2,0%,11
professional scanning services,0,2,0%,11
small business bookkeeping,0,2,0%,21
tax accountant near me,0,2,0%,37.5
scanning costs,0,2,0%,40.5
document scanning price,0,2,0%,59.5
scanning companies,0,2,0%,64
file digitization service,0,2,0%,67
chevrier station,0,2,0%,68.5
automated document scanning west vancouver,0,2,0%,71
paperwork scanner,0,2,0%,76
scanning and digitization services,0,2,0%,79.5
document scanning services cost per page,0,2,0%,81
document scanning and storage,0,2,0%,88
scan and digitize documents,0,2,0%,89.5
company to scan documents,0,2,0%,91.5
record scanning,0,2,0%,94
file scanning services burnaby,0,2,0%,96
document digitization companies,0,2,0%,99
document scanning services prices,0,2,0%,99
document digitization services kamloops,0,2,0%,100.5
document digitization services kelowna,0,2,0%,106
document scanning services kelowna,0,2,0%,106
accounting and bookkeeping near me,0,1,0%,1
accounting services near me,0,1,0%,1
book keeping companies,0,1,0%,1
bookkeepers,0,1,0%,1
bookkeeping firm,0,1,0%,1
business near me,0,1,0%,1
clearing solutions,0,1,0%,1
monthly bookkeeping,0,1,0%,1
pay someone to scan documents,0,1,0%,1
payroll and bookkeeping services,0,1,0%,1
premier bookkeeping,0,1,0%,1
small business bookkeeping services near me,0,1,0%,1
top rated accountant near me,0,1,0%,1
trucking bookkeeping services,0,1,0%,1
winnipeg bookkeeper,0,1,0%,1
bookkeeeper,0,1,0%,2
bookkeeping payroll services,0,1,0%,2
clear station,0,1,0%,2
local businesses,0,1,0%,2
services,0,1,0%,2
bookkeeper for hire,0,1,0%,3
shared services companies,0,1,0%,3
taxes,0,1,0%,3
bookiper,0,1,0%,5
payroll companies,0,1,0%,5
accountant for hire,0,1,0%,6
scanning services near me,0,1,0%,6
tax filing,0,1,0%,6
digital scanning services,0,1,0%,8
payroll company,0,1,0%,8
affordable costing,0,1,0%,9
bookkeeoer,0,1,0%,9
bookkeeping companies near me,0,1,0%,9
document scanning services near me,0,1,0%,10
how much to scan documents,0,1,0%,10
trucking accounting services,0,1,0%,10
book keeping services,0,1,0%,11
bookkeeper near me,0,1,0%,11
small businesses near me,0,1,0%,11
www clearing,0,1,0%,11
accounting services canada,0,1,0%,12
alibi auto,0,1,0%,12
bookkeeping services cheap,0,1,0%,12
bookkeeping service,0,1,0%,13
short stop tax service,0,1,0%,13
bookkeepers near me,0,1,0%,14
payroll services near me,0,1,0%,14
log trucking companies,0,1,0%,17
best tax filing service,0,1,0%,19
bookkeeping consulting,0,1,0%,21
accountant near me open now,0,1,0%,24
accounting and payroll courses in winnipeg,0,1,0%,24
receipt scanner staples,0,1,0%,24
scanner near me,0,1,0%,27
bookkeeping services for small business,0,1,0%,29
digitize documents service near me,0,1,0%,38
store bookkeeping,0,1,0%,41
how much to scan documents at staples,0,1,0%,43
cra vehicle log book,0,1,0%,47
document imaging company,0,1,0%,47
tax firm,0,1,0%,49
staples scanning service,0,1,0%,50
document scanning staples,0,1,0%,51
automatic vehicle log book,0,1,0%,52
as accounting,0,1,0%,54
bookkeeping and consulting services,0,1,0%,54
document scanning charges,0,1,0%,54
bookkeeping for trucking,0,1,0%,58
bookkeeping and accounting,0,1,0%,59
clearing companies,0,1,0%,59
commercial scanning services,0,1,0%,60
premier document services,0,1,0%,61
document scanning costs,0,1,0%,62
small business accounting winnipeg,0,1,0%,62
public accounting firms,0,1,0%,63
scan documents staples,0,1,0%,63
the scanning company,0,1,0%,65
scanning document service,0,1,0%,69
document scanning services port coquitlam,0,1,0%,71
affordable book keeping,0,1,0%,72
chevrier blvd,0,1,0%,72
where to get taxes done near me,0,1,0%,72
drawing scanning services,0,1,0%,73
document scanning companies near me,0,1,0%,75
document digitizing service,0,1,0%,77
documents scanning services,0,1,0%,77
mission companies that convert paper files to digital,0,1,0%,77
tax clearing,0,1,0%,77
documents scanning service near me,0,1,0%,81
paperwork scanning services,0,1,0%,81
document imaging service,0,1,0%,82
document scanning solutions,0,1,0%,82
scanning companies near me,0,1,0%,82
document scan services,0,1,0%,83
file scanning services penticton,0,1,0%,83
odb daily,0,1,0%,84
clearing company,0,1,0%,85
document scanning service near me,0,1,0%,86
document scanning services port alberni,0,1,0%,86
onsite paper scanning,0,1,0%,86
corporate scanning,0,1,0%,88
document scanner company,0,1,0%,89
winnipeg scan,0,1,0%,89
digitizing documents services,0,1,0%,91
ecommerce bookkeeping services,0,1,0%,91
secure document scanning,0,1,0%,91
digitize records service,0,1,0%,93
day forward scanning services,0,1,0%,97
bulk document scanning services near me,0,1,0%,98
paper files scanning kelowna,0,1,0%,98
scanning prices,0,1,0%,98
blueprint scanning and digitizing services,0,1,0%,100
document scanning services burnaby,0,1,0%,139